Vehicle ID,Maintenance timestamp,Action type,Trigger reason,Estimated soot,DPF differential pressure,Notes
VEH-001,2025-12-08T00:00:00+00:00,inspection,scheduled_interval,2.02,6.59,Routine fleet maintenance check
VEH-001,2025-12-15T00:00:00+00:00,inspection,scheduled_interval,3.12,7.01,Routine fleet maintenance check
VEH-001,2025-12-22T00:00:00+00:00,inspection,scheduled_interval,4.1,6.98,Routine fleet maintenance check
VEH-001,2025-12-23T18:35:00+00:00,active_regeneration,preventative_threshold,2.94,7.76,Standard active regeneration cycle
VEH-001,2025-12-29T00:00:00+00:00,inspection,scheduled_interval,3.67,0.0,Routine fleet maintenance check
VEH-002,2025-12-04T00:00:00+00:00,inspection,scheduled_interval,2.02,0.0,Routine fleet maintenance check
VEH-002,2025-12-06T22:20:00+00:00,inspection,driver_report,2.67,0.0,Driver reported warning light (False Alarm)
VEH-002,2025-12-11T00:00:00+00:00,inspection,scheduled_interval,3.16,4.44,Routine fleet maintenance check
VEH-002,2025-12-18T00:00:00+00:00,inspection,scheduled_interval,4.18,0.0,Routine fleet maintenance check
VEH-002,2025-12-18T09:50:00+00:00,active_regeneration,preventative_threshold,2.7,10.04,Standard active regeneration cycle
VEH-002,2025-12-25T00:00:00+00:00,inspection,scheduled_interval,4.01,14.66,Routine fleet maintenance check
VEH-002,2025-12-26T13:25:00+00:00,active_regeneration,preventative_threshold,2.72,10.24,Standard active regeneration cycle
VEH-003,2025-12-04T00:00:00+00:00,inspection,scheduled_interval,1.88,3.11,Routine fleet maintenance check
VEH-003,2025-12-09T00:45:00+00:00,inspection,driver_report,3.13,0.0,Driver reported warning light (False Alarm)
VEH-003,2025-12-11T00:00:00+00:00,inspection,scheduled_interval,3.56,10.2,Routine fleet maintenance check
VEH-003,2025-12-14T05:00:00+00:00,active_regeneration,preventative_threshold,2.7,7.25,Standard active regeneration cycle
VEH-003,2025-12-18T00:00:00+00:00,inspection,scheduled_interval,3.53,0.0,Routine fleet maintenance check
VEH-003,2025-12-21T15:50:00+00:00,active_regeneration,preventative_threshold,3.04,10.13,Standard active regeneration cycle
VEH-003,2025-12-25T00:00:00+00:00,inspection,scheduled_interval,3.68,0.0,Routine fleet maintenance check
VEH-003,2025-12-28T17:35:00+00:00,active_regeneration,preventative_threshold,3.11,8.72,Standard active regeneration cycle
VEH-004,2025-12-04T00:00:00+00:00,inspection,scheduled_interval,2.14,7.79,Routine fleet maintenance check
VEH-004,2025-12-11T00:00:00+00:00,inspection,scheduled_interval,3.86,0.0,Routine fleet maintenance check
VEH-004,2025-12-12T10:15:00+00:00,active_regeneration,preventative_threshold,2.7,7.09,Standard active regeneration cycle
VEH-004,2025-12-16T08:50:00+00:00,inspection,driver_report,3.49,8.37,Driver reported warning light (False Alarm)
VEH-004,2025-12-18T00:00:00+00:00,inspection,scheduled_interval,3.67,0.0,Routine fleet maintenance check
VEH-004,2025-12-21T04:45:00+00:00,active_regeneration,preventative_threshold,2.99,7.44,Standard active regeneration cycle
VEH-004,2025-12-25T00:00:00+00:00,inspection,scheduled_interval,3.69,0.0,Routine fleet maintenance check
VEH-004,2025-12-28T04:35:00+00:00,active_regeneration,preventative_threshold,2.83,8.1,Standard active regeneration cycle
VEH-005,2025-12-05T00:00:00+00:00,inspection,scheduled_interval,1.61,3.14,Routine fleet maintenance check
VEH-005,2025-12-12T00:00:00+00:00,inspection,scheduled_interval,3.12,0.0,Routine fleet maintenance check
VEH-005,2025-12-19T00:00:00+00:00,inspection,scheduled_interval,4.08,0.0,Routine fleet maintenance check
VEH-005,2025-12-19T23:25:00+00:00,active_regeneration,preventative_threshold,2.91,8.62,Standard active regeneration cycle
VEH-005,2025-12-25T14:35:00+00:00,inspection,driver_report,4.07,0.0,Driver reported warning light (False Alarm)
VEH-005,2025-12-25T22:10:00+00:00,active_regeneration,preventative_threshold,2.76,8.81,Standard active regeneration cycle
VEH-005,2025-12-26T00:00:00+00:00,inspection,scheduled_interval,2.78,0.0,Routine fleet maintenance check
VEH-006,2025-12-08T00:00:00+00:00,inspection,scheduled_interval,3.1,7.7,Routine fleet maintenance check
VEH-006,2025-12-14T13:30:00+00:00,active_regeneration,preventative_threshold,3.03,6.78,Standard active regeneration cycle
VEH-006,2025-12-15T00:00:00+00:00,inspection,scheduled_interval,3.1,7.98,Routine fleet maintenance check
VEH-006,2025-12-18T14:10:00+00:00,inspection,driver_report,3.69,0.0,Driver reported warning light (False Alarm)
VEH-006,2025-12-22T00:00:00+00:00,inspection,scheduled_interval,4.25,5.01,Routine fleet maintenance check
VEH-006,2025-12-22T04:00:00+00:00,active_regeneration,preventative_threshold,2.76,7.67,Standard active regeneration cycle
VEH-006,2025-12-27T08:55:00+00:00,inspection,driver_report,3.93,0.0,Driver reported warning light (False Alarm)
VEH-006,2025-12-29T00:00:00+00:00,inspection,scheduled_interval,4.23,0.0,Routine fleet maintenance check
VEH-006,2025-12-29T09:40:00+00:00,active_regeneration,preventative_threshold,2.87,7.15,Standard active regeneration cycle
VEH-007,2025-12-08T00:00:00+00:00,inspection,scheduled_interval,3.36,0.0,Routine fleet maintenance check
VEH-007,2025-12-08T20:05:00+00:00,inspection,driver_report,3.46,0.0,Driver reported warning light (False Alarm)
VEH-007,2025-12-13T15:00:00+00:00,active_regeneration,preventative_threshold,2.7,6.38,Standard active regeneration cycle
VEH-007,2025-12-15T00:00:00+00:00,inspection,scheduled_interval,2.91,7.55,Routine fleet maintenance check
VEH-007,2025-12-22T00:00:00+00:00,inspection,scheduled_interval,3.91,0.0,Routine fleet maintenance check
VEH-007,2025-12-23T11:05:00+00:00,active_regeneration,preventative_threshold,2.81,7.06,Standard active regeneration cycle
VEH-007,2025-12-29T00:00:00+00:00,inspection,scheduled_interval,3.69,0.0,Routine fleet maintenance check
VEH-008,2025-12-02T10:45:00+00:00,inspection,driver_report,1.97,0.0,Driver reported warning light (False Alarm)
VEH-008,2025-12-05T00:00:00+00:00,inspection,scheduled_interval,2.51,9.12,Routine fleet maintenance check
VEH-008,2025-12-12T00:00:00+00:00,inspection,scheduled_interval,4.07,2.13,Routine fleet maintenance check
VEH-008,2025-12-12T16:45:00+00:00,active_regeneration,preventative_threshold,2.7,9.05,Standard active regeneration cycle
VEH-008,2025-12-19T00:00:00+00:00,inspection,scheduled_interval,4.08,0.0,Routine fleet maintenance check
VEH-008,2025-12-20T16:55:00+00:00,active_regeneration,preventative_threshold,2.96,9.32,Standard active regeneration cycle
VEH-008,2025-12-23T02:00:00+00:00,inspection,driver_report,3.2,0.0,Driver reported warning light (False Alarm)
VEH-008,2025-12-26T00:00:00+00:00,inspection,scheduled_interval,3.69,0.0,Routine fleet maintenance check
VEH-008,2025-12-28T16:35:00+00:00,active_regeneration,preventative_threshold,2.7,8.22,Standard active regeneration cycle
VEH-009,2025-12-05T00:00:00+00:00,inspection,scheduled_interval,2.09,0.0,Routine fleet maintenance check
VEH-009,2025-12-12T00:00:00+00:00,inspection,scheduled_interval,3.23,10.22,Routine fleet maintenance check
VEH-009,2025-12-18T04:00:00+00:00,active_regeneration,preventative_threshold,2.71,9.48,Standard active regeneration cycle
VEH-009,2025-12-19T00:00:00+00:00,inspection,scheduled_interval,2.83,0.0,Routine fleet maintenance check
VEH-009,2025-12-26T00:00:00+00:00,inspection,scheduled_interval,3.68,12.64,Routine fleet maintenance check
VEH-009,2025-12-30T17:30:00+00:00,active_regeneration,preventative_threshold,2.7,10.07,Standard active regeneration cycle
VEH-010,2025-12-06T00:00:00+00:00,inspection,scheduled_interval,1.63,0.0,Routine fleet maintenance check
VEH-010,2025-12-13T00:00:00+00:00,inspection,scheduled_interval,2.59,0.0,Routine fleet maintenance check
VEH-010,2025-12-20T00:00:00+00:00,inspection,scheduled_interval,4.06,0.0,Routine fleet maintenance check
VEH-010,2025-12-21T08:45:00+00:00,active_regeneration,preventative_threshold,2.7,9.1,Standard active regeneration cycle
VEH-010,2025-12-27T00:00:00+00:00,inspection,scheduled_interval,3.7,0.0,Routine fleet maintenance check
VEH-010,2025-12-30T00:20:00+00:00,active_regeneration,preventative_threshold,2.81,9.04,Standard active regeneration cycle
VEH-011,2025-12-04T00:00:00+00:00,inspection,scheduled_interval,1.9,7.11,Routine fleet maintenance check
VEH-011,2025-12-11T00:00:00+00:00,inspection,scheduled_interval,2.96,5.07,Routine fleet maintenance check
VEH-011,2025-12-18T00:00:00+00:00,inspection,scheduled_interval,3.98,0.0,Routine fleet maintenance check
VEH-011,2025-12-19T16:40:00+00:00,active_regeneration,preventative_threshold,2.7,7.07,Standard active regeneration cycle
VEH-011,2025-12-24T16:05:00+00:00,inspection,driver_report,3.46,0.0,Driver reported warning light (False Alarm)
VEH-011,2025-12-25T00:00:00+00:00,inspection,scheduled_interval,3.49,0.0,Routine fleet maintenance check
VEH-011,2025-12-30T11:15:00+00:00,active_regeneration,preventative_threshold,2.7,8.28,Standard active regeneration cycle
VEH-012,2025-12-07T00:00:00+00:00,inspection,scheduled_interval,3.62,0.0,Routine fleet maintenance check
VEH-012,2025-12-09T05:50:00+00:00,active_regeneration,preventative_threshold,2.82,8.52,Standard active regeneration cycle
VEH-012,2025-12-14T00:00:00+00:00,inspection,scheduled_interval,4.05,9.37,Routine fleet maintenance check
VEH-012,2025-12-16T23:15:00+00:00,active_regeneration,preventative_threshold,3.23,8.79,Standard active regeneration cycle
VEH-012,2025-12-21T00:00:00+00:00,inspection,scheduled_interval,4.17,10.0,Routine fleet maintenance check
VEH-012,2025-12-21T04:40:00+00:00,active_regeneration,preventative_threshold,2.7,7.0,Standard active regeneration cycle
VEH-012,2025-12-28T00:00:00+00:00,inspection,scheduled_interval,4.31,4.08,Routine fleet maintenance check
VEH-012,2025-12-28T08:15:00+00:00,active_regeneration,preventative_threshold,2.97,8.46,Standard active regeneration cycle
VEH-013,2025-12-06T08:30:00+00:00,active_regeneration,preventative_threshold,2.87,10.56,Standard active regeneration cycle
VEH-013,2025-12-07T00:00:00+00:00,inspection,scheduled_interval,2.96,5.87,Routine fleet maintenance check
VEH-013,2025-12-14T00:00:00+00:00,inspection,scheduled_interval,4.47,0.0,Routine fleet maintenance check
VEH-013,2025-12-15T21:25:00+00:00,active_regeneration,preventative_threshold,3.57,9.33,Standard active regeneration cycle
VEH-013,2025-12-16T05:35:00+00:00,inspection,driver_report,3.62,10.85,Driver reported warning light (False Alarm)
VEH-013,2025-12-19T13:10:00+00:00,active_regeneration,preventative_threshold,2.93,9.43,Standard active regeneration cycle
VEH-013,2025-12-21T00:00:00+00:00,inspection,scheduled_interval,3.26,0.0,Routine fleet maintenance check
VEH-013,2025-12-25T05:30:00+00:00,active_regeneration,preventative_threshold,2.7,8.46,Standard active regeneration cycle
VEH-013,2025-12-28T00:00:00+00:00,inspection,scheduled_interval,3.56,7.07,Routine fleet maintenance check
VEH-013,2025-12-28T15:00:00+00:00,inspection,driver_report,3.76,0.0,Driver reported warning light (False Alarm)
VEH-013,2025-12-30T20:15:00+00:00,active_regeneration,preventative_threshold,3.03,10.23,Standard active regeneration cycle
VEH-014,2025-12-05T00:00:00+00:00,inspection,scheduled_interval,2.06,8.86,Routine fleet maintenance check
VEH-014,2025-12-12T00:00:00+00:00,inspection,scheduled_interval,2.92,9.99,Routine fleet maintenance check
VEH-014,2025-12-19T00:00:00+00:00,inspection,scheduled_interval,3.86,12.36,Routine fleet maintenance check
VEH-014,2025-12-21T09:05:00+00:00,active_regeneration,preventative_threshold,2.7,9.28,Standard active regeneration cycle
VEH-014,2025-12-26T00:00:00+00:00,inspection,scheduled_interval,3.31,11.18,Routine fleet maintenance check
VEH-014,2025-12-29T22:15:00+00:00,active_regeneration,preventative_threshold,2.7,9.87,Standard active regeneration cycle
VEH-015,2025-12-07T00:00:00+00:00,inspection,scheduled_interval,3.46,0.0,Routine fleet maintenance check
VEH-015,2025-12-11T10:30:00+00:00,active_regeneration,preventative_threshold,2.7,7.38,Standard active regeneration cycle
VEH-015,2025-12-14T00:00:00+00:00,inspection,scheduled_interval,2.96,8.73,Routine fleet maintenance check
VEH-015,2025-12-20T18:45:00+00:00,active_regeneration,preventative_threshold,2.98,9.2,Standard active regeneration cycle
VEH-015,2025-12-21T00:00:00+00:00,inspection,scheduled_interval,3.04,3.88,Routine fleet maintenance check
VEH-015,2025-12-25T17:40:00+00:00,active_regeneration,preventative_threshold,2.72,8.38,Standard active regeneration cycle
VEH-015,2025-12-28T00:00:00+00:00,inspection,scheduled_interval,3.01,4.37,Routine fleet maintenance check
VEH-016,2025-12-03T14:25:00+00:00,inspection,driver_report,2.77,8.65,Driver reported warning light (False Alarm)
VEH-016,2025-12-04T00:00:00+00:00,inspection,scheduled_interval,2.79,0.0,Routine fleet maintenance check
VEH-016,2025-12-06T02:50:00+00:00,inspection,driver_report,3.06,8.27,Driver reported warning light (False Alarm)
VEH-016,2025-12-11T00:00:00+00:00,inspection,scheduled_interval,3.64,9.77,Routine fleet maintenance check
VEH-016,2025-12-15T15:30:00+00:00,active_regeneration,preventative_threshold,2.7,7.6,Standard active regeneration cycle
VEH-016,2025-12-18T00:00:00+00:00,inspection,scheduled_interval,2.96,5.05,Routine fleet maintenance check
VEH-016,2025-12-25T00:00:00+00:00,inspection,scheduled_interval,3.82,0.0,Routine fleet maintenance check
VEH-016,2025-12-27T07:40:00+00:00,inspection,driver_report,4.14,0.0,Driver reported warning light (False Alarm)
VEH-016,2025-12-27T17:05:00+00:00,active_regeneration,preventative_threshold,2.7,7.05,Standard active regeneration cycle
VEH-017,2025-12-03T00:00:00+00:00,inspection,scheduled_interval,1.97,0.0,Routine fleet maintenance check
VEH-017,2025-12-10T00:00:00+00:00,inspection,scheduled_interval,3.79,0.0,Routine fleet maintenance check
VEH-017,2025-12-12T02:30:00+00:00,active_regeneration,preventative_threshold,2.7,7.41,Standard active regeneration cycle
VEH-017,2025-12-17T00:00:00+00:00,inspection,scheduled_interval,3.59,0.0,Routine fleet maintenance check
VEH-017,2025-12-20T22:45:00+00:00,active_regeneration,preventative_threshold,2.7,8.49,Standard active regeneration cycle
VEH-017,2025-12-24T00:00:00+00:00,inspection,scheduled_interval,3.27,0.0,Routine fleet maintenance check
VEH-017,2025-12-28T23:55:00+00:00,active_regeneration,preventative_threshold,2.7,7.17,Standard active regeneration cycle
VEH-018,2025-12-04T00:00:00+00:00,inspection,scheduled_interval,3.08,0.0,Routine fleet maintenance check
VEH-018,2025-12-11T00:00:00+00:00,inspection,scheduled_interval,3.97,0.0,Routine fleet maintenance check
VEH-018,2025-12-12T10:55:00+00:00,active_regeneration,preventative_threshold,2.9,9.12,Standard active regeneration cycle
VEH-018,2025-12-18T00:00:00+00:00,inspection,scheduled_interval,4.26,4.07,Routine fleet maintenance check
VEH-018,2025-12-19T08:15:00+00:00,active_regeneration,preventative_threshold,3.15,8.2,Standard active regeneration cycle
VEH-018,2025-12-23T19:30:00+00:00,inspection,driver_report,4.24,5.74,Driver reported warning light (False Alarm)
VEH-018,2025-12-24T17:45:00+00:00,active_regeneration,preventative_threshold,2.91,8.1,Standard active regeneration cycle
VEH-018,2025-12-25T00:00:00+00:00,inspection,scheduled_interval,2.96,0.0,Routine fleet maintenance check
VEH-018,2025-12-29T16:45:00+00:00,inspection,driver_report,4.11,9.64,Driver reported warning light (False Alarm)
VEH-018,2025-12-30T05:15:00+00:00,active_regeneration,preventative_threshold,2.7,9.02,Standard active regeneration cycle
VEH-019,2025-12-06T00:00:00+00:00,inspection,scheduled_interval,1.97,0.0,Routine fleet maintenance check
VEH-019,2025-12-13T00:00:00+00:00,inspection,scheduled_interval,3.07,0.0,Routine fleet maintenance check
VEH-019,2025-12-20T00:00:00+00:00,inspection,scheduled_interval,4.09,0.0,Routine fleet maintenance check
VEH-019,2025-12-21T14:20:00+00:00,active_regeneration,preventative_threshold,3.05,10.22,Standard active regeneration cycle
VEH-019,2025-12-26T11:35:00+00:00,active_regeneration,preventative_threshold,2.7,9.51,Standard active regeneration cycle
VEH-019,2025-12-27T00:00:00+00:00,inspection,scheduled_interval,2.75,10.94,Routine fleet maintenance check
VEH-020,2025-12-06T00:00:00+00:00,inspection,scheduled_interval,2.8,10.23,Routine fleet maintenance check
VEH-020,2025-12-11T02:35:00+00:00,active_regeneration,preventative_threshold,2.74,10.49,Standard active regeneration cycle
VEH-020,2025-12-13T00:00:00+00:00,inspection,scheduled_interval,3.31,0.0,Routine fleet maintenance check
VEH-020,2025-12-17T23:55:00+00:00,active_regeneration,preventative_threshold,2.73,10.12,Standard active regeneration cycle
VEH-020,2025-12-20T00:00:00+00:00,inspection,scheduled_interval,3.14,11.17,Routine fleet maintenance check
VEH-020,2025-12-23T22:05:00+00:00,active_regeneration,preventative_threshold,3.12,11.53,Standard active regeneration cycle
VEH-020,2025-12-27T00:00:00+00:00,inspection,scheduled_interval,3.74,0.0,Routine fleet maintenance check
VEH-021,2025-12-08T00:00:00+00:00,inspection,scheduled_interval,3.32,0.0,Routine fleet maintenance check
VEH-021,2025-12-15T00:00:00+00:00,inspection,scheduled_interval,4.13,0.0,Routine fleet maintenance check
VEH-021,2025-12-15T09:15:00+00:00,active_regeneration,preventative_threshold,2.7,10.15,Standard active regeneration cycle
VEH-021,2025-12-15T22:25:00+00:00,inspection,driver_report,2.75,0.0,Driver reported warning light (False Alarm)
VEH-021,2025-12-22T00:00:00+00:00,inspection,scheduled_interval,3.65,0.0,Routine fleet maintenance check
VEH-021,2025-12-26T08:40:00+00:00,active_regeneration,preventative_threshold,2.71,9.56,Standard active regeneration cycle
VEH-021,2025-12-29T00:00:00+00:00,inspection,scheduled_interval,3.29,8.83,Routine fleet maintenance check
VEH-022,2025-12-08T00:00:00+00:00,inspection,scheduled_interval,2.4,0.0,Routine fleet maintenance check
VEH-022,2025-12-15T00:00:00+00:00,inspection,scheduled_interval,3.27,8.26,Routine fleet maintenance check
VEH-022,2025-12-21T06:00:00+00:00,inspection,driver_report,3.96,9.51,Driver reported warning light (False Alarm)
VEH-022,2025-12-22T00:00:00+00:00,inspection,scheduled_interval,4.05,9.33,Routine fleet maintenance check
VEH-022,2025-12-23T05:15:00+00:00,active_regeneration,preventative_threshold,2.7,7.44,Standard active regeneration cycle
VEH-022,2025-12-29T00:00:00+00:00,inspection,scheduled_interval,3.44,7.16,Routine fleet maintenance check
VEH-023,2025-12-06T00:00:00+00:00,inspection,scheduled_interval,2.99,3.76,Routine fleet maintenance check
VEH-023,2025-12-11T21:35:00+00:00,active_regeneration,preventative_threshold,2.7,7.53,Standard active regeneration cycle
VEH-023,2025-12-13T00:00:00+00:00,inspection,scheduled_interval,3.04,0.0,Routine fleet maintenance check
VEH-023,2025-12-20T00:00:00+00:00,inspection,scheduled_interval,5.13,0.0,Routine fleet maintenance check
VEH-023,2025-12-20T08:10:00+00:00,active_regeneration,preventative_threshold,3.81,10.73,Standard active regeneration cycle
VEH-023,2025-12-23T08:10:00+00:00,active_regeneration,preventative_threshold,3.3,9.66,Standard active regeneration cycle
VEH-023,2025-12-27T00:00:00+00:00,inspection,scheduled_interval,4.5,0.0,Routine fleet maintenance check
VEH-023,2025-12-29T17:15:00+00:00,active_regeneration,critical_soot_load,4.0,4.79,Forced regeneration (Critical)
VEH-024,2025-12-06T00:00:00+00:00,inspection,scheduled_interval,2.87,5.4,Routine fleet maintenance check
VEH-024,2025-12-11T13:25:00+00:00,active_regeneration,preventative_threshold,2.7,8.4,Standard active regeneration cycle
VEH-024,2025-12-13T00:00:00+00:00,inspection,scheduled_interval,3.1,0.0,Routine fleet maintenance check
VEH-024,2025-12-17T06:00:00+00:00,active_regeneration,preventative_threshold,2.7,9.15,Standard active regeneration cycle
VEH-024,2025-12-20T00:00:00+00:00,inspection,scheduled_interval,3.48,4.37,Routine fleet maintenance check
VEH-024,2025-12-23T04:20:00+00:00,active_regeneration,preventative_threshold,2.82,9.57,Standard active regeneration cycle
VEH-024,2025-12-27T00:00:00+00:00,inspection,scheduled_interval,3.67,0.0,Routine fleet maintenance check
VEH-025,2025-12-03T00:00:00+00:00,inspection,scheduled_interval,2.25,6.87,Routine fleet maintenance check
VEH-025,2025-12-10T00:00:00+00:00,inspection,scheduled_interval,3.33,8.13,Routine fleet maintenance check
VEH-025,2025-12-14T17:05:00+00:00,active_regeneration,preventative_threshold,2.7,8.74,Standard active regeneration cycle
VEH-025,2025-12-17T00:00:00+00:00,inspection,scheduled_interval,3.2,0.0,Routine fleet maintenance check
VEH-025,2025-12-21T09:00:00+00:00,active_regeneration,preventative_threshold,2.71,9.29,Standard active regeneration cycle
VEH-025,2025-12-24T00:00:00+00:00,inspection,scheduled_interval,3.18,5.16,Routine fleet maintenance check
VEH-025,2025-12-30T18:55:00+00:00,active_regeneration,preventative_threshold,2.7,7.66,Standard active regeneration cycle
VEH-026,2025-12-04T00:00:00+00:00,inspection,scheduled_interval,2.45,0.0,Routine fleet maintenance check
VEH-026,2025-12-10T12:00:00+00:00,inspection,driver_report,3.84,13.25,Driver reported warning light (False Alarm)
VEH-026,2025-12-11T00:00:00+00:00,inspection,scheduled_interval,3.88,0.0,Routine fleet maintenance check
VEH-026,2025-12-12T08:45:00+00:00,active_regeneration,preventative_threshold,2.7,10.44,Standard active regeneration cycle
VEH-026,2025-12-18T00:00:00+00:00,inspection,scheduled_interval,3.95,10.82,Routine fleet maintenance check
VEH-026,2025-12-19T16:50:00+00:00,active_regeneration,preventative_threshold,2.7,8.47,Standard active regeneration cycle
VEH-026,2025-12-25T00:00:00+00:00,inspection,scheduled_interval,4.21,0.0,Routine fleet maintenance check
VEH-026,2025-12-25T04:05:00+00:00,active_regeneration,preventative_threshold,2.71,9.2,Standard active regeneration cycle
VEH-027,2025-12-03T00:00:00+00:00,inspection,scheduled_interval,1.73,3.19,Routine fleet maintenance check
VEH-027,2025-12-03T00:50:00+00:00,inspection,driver_report,1.76,2.81,Driver reported warning light (False Alarm)
VEH-027,2025-12-10T00:00:00+00:00,inspection,scheduled_interval,2.85,4.26,Routine fleet maintenance check
VEH-027,2025-12-15T21:00:00+00:00,inspection,driver_report,3.69,0.0,Driver reported warning light (False Alarm)
VEH-027,2025-12-17T00:00:00+00:00,inspection,scheduled_interval,3.76,5.62,Routine fleet maintenance check
VEH-027,2025-12-20T09:25:00+00:00,active_regeneration,preventative_threshold,3.03,7.63,Standard active regeneration cycle
VEH-027,2025-12-24T00:00:00+00:00,inspection,scheduled_interval,3.6,0.0,Routine fleet maintenance check
VEH-027,2025-12-26T17:40:00+00:00,active_regeneration,preventative_threshold,2.81,7.18,Standard active regeneration cycle
VEH-027,2025-12-29T03:05:00+00:00,inspection,driver_report,3.54,2.79,Driver reported warning light (False Alarm)
VEH-028,2025-12-07T00:00:00+00:00,inspection,scheduled_interval,3.04,0.0,Routine fleet maintenance check
VEH-028,2025-12-11T02:00:00+00:00,inspection,driver_report,4.01,0.0,Driver reported warning light (False Alarm)
VEH-028,2025-12-12T12:00:00+00:00,active_regeneration,preventative_threshold,2.97,9.25,Standard active regeneration cycle
VEH-028,2025-12-14T00:00:00+00:00,inspection,scheduled_interval,3.28,0.0,Routine fleet maintenance check
VEH-028,2025-12-19T22:55:00+00:00,active_regeneration,preventative_threshold,2.7,8.57,Standard active regeneration cycle
VEH-028,2025-12-21T00:00:00+00:00,inspection,scheduled_interval,3.05,0.0,Routine fleet maintenance check
VEH-028,2025-12-27T07:15:00+00:00,active_regeneration,preventative_threshold,3.18,10.56,Standard active regeneration cycle
VEH-028,2025-12-28T00:00:00+00:00,inspection,scheduled_interval,3.26,0.0,Routine fleet maintenance check
VEH-029,2025-12-06T00:00:00+00:00,inspection,scheduled_interval,2.64,0.0,Routine fleet maintenance check
VEH-029,2025-12-11T05:40:00+00:00,inspection,driver_report,4.1,13.54,Driver reported warning light (False Alarm)
VEH-029,2025-12-12T16:35:00+00:00,active_regeneration,preventative_threshold,2.99,9.29,Standard active regeneration cycle
VEH-029,2025-12-13T00:00:00+00:00,inspection,scheduled_interval,3.0,0.0,Routine fleet maintenance check
VEH-029,2025-12-20T00:00:00+00:00,inspection,scheduled_interval,4.18,2.43,Routine fleet maintenance check
VEH-029,2025-12-21T08:45:00+00:00,active_regeneration,preventative_threshold,3.01,11.05,Standard active regeneration cycle
VEH-029,2025-12-27T00:00:00+00:00,inspection,scheduled_interval,4.13,0.0,Routine fleet maintenance check
VEH-029,2025-12-27T12:20:00+00:00,active_regeneration,preventative_threshold,2.7,11.38,Standard active regeneration cycle
VEH-030,2025-12-03T00:00:00+00:00,inspection,scheduled_interval,2.31,0.0,Routine fleet maintenance check
VEH-030,2025-12-10T00:00:00+00:00,inspection,scheduled_interval,3.48,0.0,Routine fleet maintenance check
VEH-030,2025-12-12T08:00:00+00:00,inspection,driver_report,3.81,0.0,Driver reported warning light (False Alarm)
VEH-030,2025-12-16T03:00:00+00:00,active_regeneration,preventative_threshold,2.7,8.21,Standard active regeneration cycle
VEH-030,2025-12-17T00:00:00+00:00,inspection,scheduled_interval,2.8,0.0,Routine fleet maintenance check
VEH-030,2025-12-24T00:00:00+00:00,inspection,scheduled_interval,3.59,0.0,Routine fleet maintenance check
VEH-030,2025-12-28T18:00:00+00:00,active_regeneration,preventative_threshold,2.7,6.25,Standard active regeneration cycle
VEH-031,2025-12-03T00:00:00+00:00,inspection,scheduled_interval,2.68,3.7,Routine fleet maintenance check
VEH-031,2025-12-09T11:25:00+00:00,active_regeneration,preventative_threshold,2.73,10.1,Standard active regeneration cycle
VEH-031,2025-12-10T00:00:00+00:00,inspection,scheduled_interval,2.76,9.51,Routine fleet maintenance check
VEH-031,2025-12-17T00:00:00+00:00,inspection,scheduled_interval,4.12,0.0,Routine fleet maintenance check
VEH-031,2025-12-18T00:40:00+00:00,active_regeneration,preventative_threshold,2.7,10.74,Standard active regeneration cycle
VEH-031,2025-12-24T00:00:00+00:00,inspection,scheduled_interval,3.99,11.67,Routine fleet maintenance check
VEH-031,2025-12-25T04:05:00+00:00,active_regeneration,preventative_threshold,2.7,9.76,Standard active regeneration cycle
VEH-031,2025-12-26T10:50:00+00:00,inspection,driver_report,2.92,0.0,Driver reported warning light (False Alarm)
VEH-032,2025-12-05T00:00:00+00:00,inspection,scheduled_interval,2.39,3.84,Routine fleet maintenance check
VEH-032,2025-12-12T00:00:00+00:00,inspection,scheduled_interval,3.91,0.0,Routine fleet maintenance check
VEH-032,2025-12-12T14:10:00+00:00,inspection,driver_report,4.05,0.0,Driver reported warning light (False Alarm)
VEH-032,2025-12-13T15:30:00+00:00,active_regeneration,preventative_threshold,2.82,9.77,Standard active regeneration cycle
VEH-032,2025-12-15T02:50:00+00:00,inspection,driver_report,3.27,5.79,Driver reported warning light (False Alarm)
VEH-032,2025-12-19T00:00:00+00:00,inspection,scheduled_interval,3.8,11.62,Routine fleet maintenance check
VEH-032,2025-12-20T20:20:00+00:00,inspection,driver_report,4.2,0.0,Driver reported warning light (False Alarm)
VEH-032,2025-12-20T21:50:00+00:00,active_regeneration,preventative_threshold,2.7,8.47,Standard active regeneration cycle
VEH-032,2025-12-26T00:00:00+00:00,inspection,scheduled_interval,3.7,0.0,Routine fleet maintenance check
VEH-032,2025-12-28T23:15:00+00:00,active_regeneration,preventative_threshold,2.85,9.27,Standard active regeneration cycle
VEH-033,2025-12-07T00:00:00+00:00,inspection,scheduled_interval,2.27,0.0,Routine fleet maintenance check
VEH-033,2025-12-14T00:00:00+00:00,inspection,scheduled_interval,3.33,4.55,Routine fleet maintenance check
VEH-033,2025-12-19T04:15:00+00:00,active_regeneration,preventative_threshold,2.7,6.54,Standard active regeneration cycle
VEH-033,2025-12-21T00:00:00+00:00,inspection,scheduled_interval,2.87,8.36,Routine fleet maintenance check
VEH-033,2025-12-28T00:00:00+00:00,inspection,scheduled_interval,3.84,9.83,Routine fleet maintenance check
VEH-033,2025-12-30T18:40:00+00:00,active_regeneration,preventative_threshold,2.7,6.97,Standard active regeneration cycle
VEH-034,2025-12-05T00:00:00+00:00,inspection,scheduled_interval,2.47,0.0,Routine fleet maintenance check
VEH-034,2025-12-10T21:55:00+00:00,active_regeneration,preventative_threshold,2.78,8.23,Standard active regeneration cycle
VEH-034,2025-12-12T00:00:00+00:00,inspection,scheduled_interval,3.11,0.0,Routine fleet maintenance check
VEH-034,2025-12-17T10:30:00+00:00,active_regeneration,preventative_threshold,3.04,9.12,Standard active regeneration cycle
VEH-034,2025-12-18T03:00:00+00:00,inspection,driver_report,3.18,4.29,Driver reported warning light (False Alarm)
VEH-034,2025-12-19T00:00:00+00:00,inspection,scheduled_interval,3.47,0.0,Routine fleet maintenance check
VEH-034,2025-12-23T08:50:00+00:00,active_regeneration,preventative_threshold,2.7,8.94,Standard active regeneration cycle
VEH-034,2025-12-26T00:00:00+00:00,inspection,scheduled_interval,3.33,5.09,Routine fleet maintenance check
VEH-034,2025-12-26T16:10:00+00:00,inspection,driver_report,3.46,5.95,Driver reported warning light (False Alarm)
VEH-035,2025-12-07T00:00:00+00:00,inspection,scheduled_interval,2.55,4.32,Routine fleet maintenance check
VEH-035,2025-12-08T06:20:00+00:00,inspection,driver_report,2.83,9.93,Driver reported warning light (False Alarm)
VEH-035,2025-12-14T00:00:00+00:00,inspection,scheduled_interval,3.46,0.0,Routine fleet maintenance check
VEH-035,2025-12-17T05:45:00+00:00,inspection,driver_report,3.9,0.0,Driver reported warning light (False Alarm)
VEH-035,2025-12-19T07:25:00+00:00,active_regeneration,preventative_threshold,2.73,10.37,Standard active regeneration cycle
VEH-035,2025-12-21T00:00:00+00:00,inspection,scheduled_interval,3.01,0.0,Routine fleet maintenance check
VEH-035,2025-12-23T13:00:00+00:00,inspection,driver_report,3.31,9.19,Driver reported warning light (False Alarm)
VEH-035,2025-12-27T13:20:00+00:00,active_regeneration,preventative_threshold,2.7,9.26,Standard active regeneration cycle
VEH-035,2025-12-28T00:00:00+00:00,inspection,scheduled_interval,2.75,0.0,Routine fleet maintenance check
VEH-036,2025-12-08T00:00:00+00:00,inspection,scheduled_interval,3.21,10.59,Routine fleet maintenance check
VEH-036,2025-12-15T00:00:00+00:00,inspection,scheduled_interval,4.39,6.24,Routine fleet maintenance check
VEH-036,2025-12-15T22:10:00+00:00,active_regeneration,preventative_threshold,3.0,9.24,Standard active regeneration cycle
VEH-036,2025-12-22T00:00:00+00:00,inspection,scheduled_interval,3.98,0.0,Routine fleet maintenance check
VEH-036,2025-12-23T21:15:00+00:00,active_regeneration,preventative_threshold,2.7,9.05,Standard active regeneration cycle
VEH-036,2025-12-29T00:00:00+00:00,inspection,scheduled_interval,3.74,0.0,Routine fleet maintenance check
VEH-037,2025-12-03T00:00:00+00:00,inspection,scheduled_interval,2.14,9.39,Routine fleet maintenance check
VEH-037,2025-12-10T00:00:00+00:00,inspection,scheduled_interval,4.01,0.0,Routine fleet maintenance check
VEH-037,2025-12-10T22:20:00+00:00,active_regeneration,preventative_threshold,2.74,11.53,Standard active regeneration cycle
VEH-037,2025-12-17T00:00:00+00:00,inspection,scheduled_interval,4.18,0.0,Routine fleet maintenance check
VEH-037,2025-12-17T02:30:00+00:00,active_regeneration,preventative_threshold,2.7,9.8,Standard active regeneration cycle
VEH-037,2025-12-22T19:05:00+00:00,active_regeneration,preventative_threshold,2.87,11.11,Standard active regeneration cycle
VEH-037,2025-12-24T00:00:00+00:00,inspection,scheduled_interval,2.99,11.4,Routine fleet maintenance check
VEH-037,2025-12-29T21:35:00+00:00,active_regeneration,preventative_threshold,2.85,9.98,Standard active regeneration cycle
VEH-038,2025-12-03T00:00:00+00:00,inspection,scheduled_interval,1.61,0.0,Routine fleet maintenance check
VEH-038,2025-12-10T00:00:00+00:00,inspection,scheduled_interval,3.03,0.0,Routine fleet maintenance check
VEH-038,2025-12-14T17:55:00+00:00,active_regeneration,preventative_threshold,3.12,8.83,Standard active regeneration cycle
VEH-038,2025-12-17T00:00:00+00:00,inspection,scheduled_interval,3.68,0.0,Routine fleet maintenance check
VEH-038,2025-12-19T07:20:00+00:00,active_regeneration,preventative_threshold,3.17,11.25,Standard active regeneration cycle
VEH-038,2025-12-23T04:20:00+00:00,active_regeneration,preventative_threshold,2.79,8.91,Standard active regeneration cycle
VEH-038,2025-12-24T00:00:00+00:00,inspection,scheduled_interval,2.89,0.0,Routine fleet maintenance check
VEH-039,2025-12-07T00:00:00+00:00,inspection,scheduled_interval,2.43,9.13,Routine fleet maintenance check
VEH-039,2025-12-14T00:00:00+00:00,inspection,scheduled_interval,3.39,0.0,Routine fleet maintenance check
VEH-039,2025-12-17T03:40:00+00:00,inspection,driver_report,3.82,0.0,Driver reported warning light (False Alarm)
VEH-039,2025-12-19T18:00:00+00:00,active_regeneration,preventative_threshold,2.7,8.71,Standard active regeneration cycle
VEH-039,2025-12-21T00:00:00+00:00,inspection,scheduled_interval,2.92,8.38,Routine fleet maintenance check
VEH-039,2025-12-28T00:00:00+00:00,inspection,scheduled_interval,3.98,9.18,Routine fleet maintenance check
VEH-039,2025-12-30T16:35:00+00:00,active_regeneration,preventative_threshold,3.14,10.49,Standard active regeneration cycle
VEH-040,2025-12-05T00:00:00+00:00,inspection,scheduled_interval,2.27,0.0,Routine fleet maintenance check
VEH-040,2025-12-12T00:00:00+00:00,inspection,scheduled_interval,4.09,0.0,Routine fleet maintenance check
VEH-040,2025-12-13T17:50:00+00:00,active_regeneration,preventative_threshold,2.88,10.3,Standard active regeneration cycle
VEH-040,2025-12-19T00:00:00+00:00,inspection,scheduled_interval,3.98,13.54,Routine fleet maintenance check
VEH-040,2025-12-21T12:35:00+00:00,active_regeneration,preventative_threshold,3.24,9.34,Standard active regeneration cycle
VEH-040,2025-12-25T19:05:00+00:00,active_regeneration,preventative_threshold,2.92,10.66,Standard active regeneration cycle
VEH-040,2025-12-26T00:00:00+00:00,inspection,scheduled_interval,2.97,10.9,Routine fleet maintenance check
VEH-040,2025-12-26T21:05:00+00:00,inspection,driver_report,3.06,8.69,Driver reported warning light (False Alarm)
VEH-041,2025-12-03T00:00:00+00:00,inspection,scheduled_interval,1.89,0.0,Routine fleet maintenance check
VEH-041,2025-12-04T06:20:00+00:00,inspection,driver_report,2.11,7.2,Driver reported warning light (False Alarm)
VEH-041,2025-12-10T00:00:00+00:00,inspection,scheduled_interval,3.24,3.91,Routine fleet maintenance check
VEH-041,2025-12-15T03:45:00+00:00,active_regeneration,preventative_threshold,3.03,8.87,Standard active regeneration cycle
VEH-041,2025-12-17T00:00:00+00:00,inspection,scheduled_interval,3.25,4.5,Routine fleet maintenance check
VEH-041,2025-12-23T09:40:00+00:00,active_regeneration,preventative_threshold,3.3,8.08,Standard active regeneration cycle
VEH-041,2025-12-24T00:00:00+00:00,inspection,scheduled_interval,3.36,0.0,Routine fleet maintenance check
VEH-041,2025-12-28T17:30:00+00:00,active_regeneration,preventative_threshold,2.92,9.15,Standard active regeneration cycle
VEH-042,2025-12-07T00:00:00+00:00,inspection,scheduled_interval,3.08,0.0,Routine fleet maintenance check
VEH-042,2025-12-14T00:00:00+00:00,inspection,scheduled_interval,3.88,0.0,Routine fleet maintenance check
VEH-042,2025-12-17T01:25:00+00:00,active_regeneration,preventative_threshold,2.7,9.05,Standard active regeneration cycle
VEH-042,2025-12-21T00:00:00+00:00,inspection,scheduled_interval,3.24,9.81,Routine fleet maintenance check
VEH-042,2025-12-27T22:30:00+00:00,active_regeneration,preventative_threshold,2.7,8.47,Standard active regeneration cycle
VEH-042,2025-12-28T00:00:00+00:00,inspection,scheduled_interval,2.73,8.44,Routine fleet maintenance check
VEH-043,2025-12-03T00:00:00+00:00,inspection,scheduled_interval,1.61,4.7,Routine fleet maintenance check
VEH-043,2025-12-07T10:00:00+00:00,inspection,driver_report,2.26,1.2,Driver reported warning light (False Alarm)
VEH-043,2025-12-10T00:00:00+00:00,inspection,scheduled_interval,2.59,6.09,Routine fleet maintenance check
VEH-043,2025-12-17T00:00:00+00:00,inspection,scheduled_interval,3.79,8.56,Routine fleet maintenance check
VEH-043,2025-12-19T13:30:00+00:00,active_regeneration,preventative_threshold,2.7,6.39,Standard active regeneration cycle
VEH-043,2025-12-24T00:00:00+00:00,inspection,scheduled_interval,3.16,0.0,Routine fleet maintenance check
VEH-043,2025-12-29T09:00:00+00:00,active_regeneration,preventative_threshold,2.7,7.87,Standard active regeneration cycle
VEH-044,2025-12-03T00:00:00+00:00,inspection,scheduled_interval,2.29,0.0,Routine fleet maintenance check
VEH-044,2025-12-10T00:00:00+00:00,inspection,scheduled_interval,4.16,0.0,Routine fleet maintenance check
VEH-044,2025-12-10T08:40:00+00:00,inspection,driver_report,4.2,0.0,Driver reported warning light (False Alarm)
VEH-044,2025-12-10T19:15:00+00:00,active_regeneration,preventative_threshold,2.88,11.28,Standard active regeneration cycle
VEH-044,2025-12-15T14:55:00+00:00,active_regeneration,preventative_threshold,2.87,10.61,Standard active regeneration cycle
VEH-044,2025-12-17T00:00:00+00:00,inspection,scheduled_interval,3.16,0.0,Routine fleet maintenance check
VEH-044,2025-12-21T12:05:00+00:00,active_regeneration,preventative_threshold,3.09,10.04,Standard active regeneration cycle
VEH-044,2025-12-24T00:00:00+00:00,inspection,scheduled_interval,3.72,4.61,Routine fleet maintenance check
VEH-044,2025-12-26T02:10:00+00:00,inspection,driver_report,4.51,0.0,Driver reported warning light (False Alarm)
VEH-044,2025-12-27T09:25:00+00:00,active_regeneration,preventative_threshold,3.34,12.11,Standard active regeneration cycle
VEH-045,2025-12-03T00:00:00+00:00,inspection,scheduled_interval,1.71,0.0,Routine fleet maintenance check
VEH-045,2025-12-09T05:15:00+00:00,inspection,driver_report,3.12,3.85,Driver reported warning light (False Alarm)
VEH-045,2025-12-10T00:00:00+00:00,inspection,scheduled_interval,3.28,9.34,Routine fleet maintenance check
VEH-045,2025-12-13T17:50:00+00:00,active_regeneration,preventative_threshold,2.7,8.08,Standard active regeneration cycle
VEH-045,2025-12-17T00:00:00+00:00,inspection,scheduled_interval,3.13,8.87,Routine fleet maintenance check
VEH-045,2025-12-21T23:00:00+00:00,active_regeneration,preventative_threshold,2.7,7.31,Standard active regeneration cycle
VEH-045,2025-12-24T00:00:00+00:00,inspection,scheduled_interval,2.99,9.23,Routine fleet maintenance check
VEH-046,2025-12-08T00:00:00+00:00,inspection,scheduled_interval,2.85,0.0,Routine fleet maintenance check
VEH-046,2025-12-13T04:05:00+00:00,active_regeneration,preventative_threshold,2.9,7.55,Standard active regeneration cycle
VEH-046,2025-12-15T00:00:00+00:00,inspection,scheduled_interval,3.11,0.0,Routine fleet maintenance check
VEH-046,2025-12-18T07:50:00+00:00,inspection,driver_report,4.01,0.0,Driver reported warning light (False Alarm)
VEH-046,2025-12-19T11:55:00+00:00,active_regeneration,preventative_threshold,2.86,8.04,Standard active regeneration cycle
VEH-046,2025-12-22T00:00:00+00:00,inspection,scheduled_interval,3.61,9.93,Routine fleet maintenance check
VEH-046,2025-12-24T14:25:00+00:00,active_regeneration,preventative_threshold,2.87,8.99,Standard active regeneration cycle
VEH-046,2025-12-29T00:00:00+00:00,inspection,scheduled_interval,4.05,9.25,Routine fleet maintenance check
VEH-046,2025-12-30T00:10:00+00:00,active_regeneration,preventative_threshold,2.88,7.76,Standard active regeneration cycle
VEH-047,2025-12-01T21:30:00+00:00,inspection,driver_report,2.6,1.32,Driver reported warning light (False Alarm)
VEH-047,2025-12-04T00:00:00+00:00,inspection,scheduled_interval,2.85,0.0,Routine fleet maintenance check
VEH-047,2025-12-11T00:00:00+00:00,inspection,scheduled_interval,3.76,7.89,Routine fleet maintenance check
VEH-047,2025-12-14T12:35:00+00:00,active_regeneration,preventative_threshold,2.7,6.66,Standard active regeneration cycle
VEH-047,2025-12-18T00:00:00+00:00,inspection,scheduled_interval,3.09,0.0,Routine fleet maintenance check
VEH-047,2025-12-25T00:00:00+00:00,inspection,scheduled_interval,3.9,0.0,Routine fleet maintenance check
VEH-047,2025-12-27T06:25:00+00:00,active_regeneration,preventative_threshold,2.7,7.11,Standard active regeneration cycle
VEH-048,2025-12-05T00:00:00+00:00,inspection,scheduled_interval,3.23,0.0,Routine fleet maintenance check
VEH-048,2025-12-09T00:00:00+00:00,active_regeneration,preventative_threshold,2.7,8.23,Standard active regeneration cycle
VEH-048,2025-12-11T10:20:00+00:00,inspection,driver_report,3.05,1.76,Driver reported warning light (False Alarm)
VEH-048,2025-12-12T00:00:00+00:00,inspection,scheduled_interval,3.29,5.7,Routine fleet maintenance check
VEH-048,2025-12-12T04:30:00+00:00,inspection,driver_report,3.3,0.0,Driver reported warning light (False Alarm)
VEH-048,2025-12-15T09:30:00+00:00,active_regeneration,preventative_threshold,2.89,8.43,Standard active regeneration cycle
VEH-048,2025-12-19T00:00:00+00:00,inspection,scheduled_interval,3.58,5.06,Routine fleet maintenance check
VEH-048,2025-12-21T10:20:00+00:00,active_regeneration,preventative_threshold,2.7,9.09,Standard active regeneration cycle
VEH-048,2025-12-26T00:00:00+00:00,inspection,scheduled_interval,3.57,9.56,Routine fleet maintenance check
VEH-048,2025-12-28T19:55:00+00:00,active_regeneration,preventative_threshold,2.77,7.77,Standard active regeneration cycle
VEH-049,2025-12-04T06:00:00+00:00,inspection,driver_report,2.67,0.0,Driver reported warning light (False Alarm)
VEH-049,2025-12-05T05:00:00+00:00,inspection,driver_report,2.89,7.66,Driver reported warning light (False Alarm)
VEH-049,2025-12-07T00:00:00+00:00,inspection,scheduled_interval,3.2,0.0,Routine fleet maintenance check
VEH-049,2025-12-10T14:20:00+00:00,active_regeneration,preventative_threshold,2.88,8.94,Standard active regeneration cycle
VEH-049,2025-12-14T00:00:00+00:00,inspection,scheduled_interval,3.66,0.0,Routine fleet maintenance check
VEH-049,2025-12-18T14:00:00+00:00,inspection,driver_report,4.92,6.34,Driver reported warning light (False Alarm)
VEH-049,2025-12-18T19:35:00+00:00,active_regeneration,preventative_threshold,3.5,10.22,Standard active regeneration cycle
VEH-049,2025-12-21T00:00:00+00:00,inspection,scheduled_interval,4.18,0.0,Routine fleet maintenance check
VEH-049,2025-12-22T01:00:00+00:00,active_regeneration,preventative_threshold,3.02,8.12,Standard active regeneration cycle
VEH-049,2025-12-28T00:00:00+00:00,inspection,scheduled_interval,4.32,0.0,Routine fleet maintenance check
VEH-049,2025-12-29T03:05:00+00:00,active_regeneration,preventative_threshold,3.03,9.07,Standard active regeneration cycle
VEH-050,2025-12-08T00:00:00+00:00,inspection,scheduled_interval,2.97,0.0,Routine fleet maintenance check
VEH-050,2025-12-12T18:10:00+00:00,active_regeneration,preventative_threshold,2.7,8.97,Standard active regeneration cycle
VEH-050,2025-12-15T00:00:00+00:00,inspection,scheduled_interval,3.47,10.48,Routine fleet maintenance check
VEH-050,2025-12-19T12:25:00+00:00,active_regeneration,preventative_threshold,2.9,10.1,Standard active regeneration cycle
VEH-050,2025-12-22T00:00:00+00:00,inspection,scheduled_interval,3.54,0.0,Routine fleet maintenance check
VEH-050,2025-12-24T21:35:00+00:00,active_regeneration,preventative_threshold,2.7,8.89,Standard active regeneration cycle
VEH-050,2025-12-29T00:00:00+00:00,inspection,scheduled_interval,3.88,0.0,Routine fleet maintenance check
